Item Name,Item Desc,Categ,Sub-categ,Attribute,Attribute value,Attribute value2,Attribute value3,Attribute value4,Attribute value5,Attribute value6,Attribute value7,Attribute value7,Attribute value8,Attribute value9,Attribute value10,Attribute value11,Attribute value12,Attribute value13,Attribute value14,Attribute value15,Attribute value16,Attribute value17,Attribute value18,Attribute value19,Attribute value20,Item code,Pri. Unit,Pri. Ntwt,Pri. Grwt,Unit in crtn,Crtn Ntwt,Crtn Grwt,Length,Breadth,Height
IV Cannula with wing with port,FEP RO,Disposable,IVC,Size,14G,16G,17G,18G,20G,22G,24G,26G,,,,,,,,,,,,,,10-100,100,0.47,0.5,10,4.7,6.25,70,33,19
IV cannula with wing without port,FEP RO,Disposable,IVC,Size,14G,16G,17G,18G,20G,22G,24G,26G,,,,,,,,,,,,,,10-110,100,0.47,0.5,10,4.7,6.25,70,33,19
IV cannula without wing without port,FEP RO,Disposable,IVC,Size,14G,16G,17G,18G,20G,22G,24G,26G,,,,,,,,,,,,,,10-120,100,0.42,0.45,10,4.2,5.2,55,31,18
IV cannula Pen type,FEP RO,Disposable,IVC,Size,14G,16G,17G,18G,20G,22G,24G,26G,,,,,,,,,,,,,,10-130,100,0.42,0.45,10,4.2,5.2,55,31,18
IV Cannula Safety,FEP RO,Disposable,IVC,Size,14G,16G,17G,18G,20G,22G,24G,26G,,,,,,,,,,,,,,10-160,100,0.47,0.5,10,4.7,6.25,70,33,19
IV Cannula Rapido Quick Flash,FEP RO,Disposable,IVC,Size,14G,16G,17G,18G,20G,22G,24G,26G,,,,,,,,,,,,,,10-150,100,0.47,0.5,10,4.7,6.25,70,33,19
IV cannula with Port and with Suturable Wings,FEP RO,Disposable,IVC,Size,14G,16G,17G,18G,20G,22G,24G,26G,,,,,,,,,,,,,,10-170,100,0.47,0.5,10,4.7,6.25,70,33,19
IV cannula with Integrated 3 way stop cock,FEP RO,Disposable,IVC,Size,16G,18G,20G,22G,,,,,,,,,,,,,,,,,,10-140,40,0.38,0.4,10,3.8,4.8,70,33,19
Three Way Stop Cock Low pressure,Low Pressure,Disposable,Infusion Therapy,Color,Blue,White,,,,,,,,,,,,,,,,,,,,10-200,100,0.6,0.62,10,6,7.2,54,29,35
Three Way Stop Cock High Pressure,High Pressure,Disposable,Infusion Therapy,Color,Blue,White,,,,,,,,,,,,,,,,,,,,10-210,100,0.6,0.62,10,6,7.2,54,29,35
Three Way Stop Cock Lipid Resistant,Lipid Resistant,Disposable,Infusion Therapy,Type,Lipid Resistant,,,,,,,,,,,,,,,,,,,,,10-220,100,0.6,0.62,10,6,7.2,54,29,35
Three way Stop Cock with Extension Tube 10 cms,,Disposable,Infusion Therapy,Size,10 Cms,,,,,,,,,,,,,,,,,,,,,10-230,50,0.76,0.8,10,7.6,8.8,86,48,27
Three way Stop Cock with Extension Tube 25 cms,,Disposable,Infusion Therapy,Size,25 Cms,,,,,,,,,,,,,,,,,,,,,10-230,50,0.76,0.8,10,7.6,8.8,86,48,27
Three way Stop Cock with Extension Tube 50 cms,,Disposable,Infusion Therapy,Size,50 Cms,,,,,,,,,,,,,,,,,,,,,10-230,40,0.73,0.76,10,7.3,8.5,86,48,27
Three way Stop Cock with Extension Tube 100 cms,,Disposable,Infusion Therapy,Size,100 Cms,,,,,,,,,,,,,,,,,,,,,10-230,30,1.125,1.16,10,11.25,12.5,86,48,27
Three way Stop Cock with Extension Tube 150cm,,Disposable,Infusion Therapy,Size,150 Cms,,,,,,,,,,,,,,,,,,,,,10-230,30,1.125,1.16,10,11.25,12.5,86,48,27
Three way Stop Cock with Extension Tube 200 cms,,Disposable,Infusion Therapy,Size,200 Cms,,,,,,,,,,,,,,,,,,,,,10-230,30,1.125,1.16,10,11.25,12.5,86,48,27
Three way Stop Cock with Extension Tube 250 cms,,Disposable,Infusion Therapy,Size,250 Cms,,,,,,,,,,,,,,,,,,,,,10-230,20,1.125,1.16,10,11.25,12.5,86,48,27
Three way Stop Cock with Extension Tube 300 cms,,Disposable,Infusion Therapy,Size,300 Cms,,,,,,,,,,,,,,,,,,,,,10-230,20,1.125,1.16,10,11.25,12.5,86,48,27
Three way Stop Cock with Extension Tube 400 cms,,Disposable,Infusion Therapy,Size,400 Cms,,,,,,,,,,,,,,,,,,,,,10-230,20,1.125,1.16,10,11.25,12.5,86,48,27
"Three Way Stop Cock with ""Y"" Injection Port and Extension Tube 10 cms",,Disposable,Infusion Therapy,Size,10 Cms,,,,,,,,,,,,,,,,,,,,,10-235,50,0.76,0.8,10,7.6,8.8,86,48,27
"Three Way Stop Cock with ""Y"" Injection Port and Extension Tube 25 cms",,Disposable,Infusion Therapy,Size,25 Cms,,,,,,,,,,,,,,,,,,,,,10-235,50,0.76,0.8,10,7.6,8.8,86,48,27
"Three Way Stop Cock with ""Y"" Injection Port and Extension Tube 50 cms",,Disposable,Infusion Therapy,Size,50 Cms,,,,,,,,,,,,,,,,,,,,,10-235,40,0.73,0.76,10,7.3,8.5,86,48,27
"Three Way Stop Cock with ""Y"" Injection Port and Extension Tube 100 cms",,Disposable,Infusion Therapy,Size,100 Cms,,,,,,,,,,,,,,,,,,,,,10-235,30,1.125,1.16,10,11.25,12.5,86,48,27
"Three Way Stop Cock with ""Y"" Injection Port and Extension Tube 150 cms",,Disposable,Infusion Therapy,Size,150 Cms,,,,,,,,,,,,,,,,,,,,,10-235,30,1.125,1.16,10,11.25,12.5,86,48,27
"Three Way Stop Cock with ""Y"" Injection Port and Extension Tube 200 cms",,Disposable,Infusion Therapy,Size,200 Cms,,,,,,,,,,,,,,,,,,,,,10-235,30,1.125,1.16,10,11.25,12.5,86,48,27
"Three Way Stop Cock with ""Y"" Injection Port and Extension Tube 250 cms",,Disposable,Infusion Therapy,Size,250 Cms,,,,,,,,,,,,,,,,,,,,,10-235,20,1.125,1.16,10,11.25,12.5,86,48,27
"Three Way Stop Cock with ""Y"" Injection Port and Extension Tube 300 cms",,Disposable,Infusion Therapy,Size,300 Cms,,,,,,,,,,,,,,,,,,,,,10-235,20,1.125,1.16,10,11.25,12.5,86,48,27
"Three Way Stop Cock with ""Y"" Injection Port and Extension Tube 400 cms",,Disposable,Infusion Therapy,Size,400 Cms,,,,,,,,,,,,,,,,,,,,,10-235,20,1.125,1.16,10,11.25,12.5,86,48,27
Low pressure Extension Tube Lenght 10 Cms,Extn. Tube,Disposable,Infusion Therapy,Size,10 Cms,,,,,,,,,,,,,,,,,,,,,10-240,50,0.93,0.97,10,9.3,10.55,86,48,27
Low pressure Extension Tube Lenght 25 Cms,Extn. Tube,Disposable,Infusion Therapy,Size,25 Cms,,,,,,,,,,,,,,,,,,,,,10-240,50,0.93,0.97,10,9.3,10.55,86,48,27
Low pressure Extension Tube Lenght 50 Cms,Extn. Tube,Disposable,Infusion Therapy,Size,50 Cms,,,,,,,,,,,,,,,,,,,,,10-240,50,0.93,0.97,10,9.3,10.55,86,48,27
Low pressure Extension Tube Lenght 100 Cms,Extn. Tube,Disposable,Infusion Therapy,Size,100 Cms,,,,,,,,,,,,,,,,,,,,,10-240,50,0.93,0.97,10,9.3,10.55,86,48,27
Low pressure Extension Tube Lenght 150 Cms,Extn. Tube,Disposable,Infusion Therapy,Size,150 Cms,,,,,,,,,,,,,,,,,,,,,10-240,40,1.1,1.14,10,11,12.3,86,48,27
Low pressure Extension Tube Lenght 200 Cms,Extn. Tube,Disposable,Infusion Therapy,Size,200 Cms,,,,,,,,,,,,,,,,,,,,,10-240,40,1.1,1.14,10,11,12.3,86,48,27
Low pressure Extension Tube Lenght 250 Cms,Extn. Tube,Disposable,Infusion Therapy,Size,250 Cms,,,,,,,,,,,,,,,,,,,,,10-240,20,1.1,1.14,10,11,12.3,86,48,27
Low pressure Extension Tube Lenght 300 Cms,Extn. Tube,Disposable,Infusion Therapy,Size,300 Cms,,,,,,,,,,,,,,,,,,,,,10-240,20,1.1,1.14,10,11,12.3,86,48,27
Low pressure Extension Tube Lenght 400 Cms,Extn. Tube,Disposable,Infusion Therapy,Size,400 Cms,,,,,,,,,,,,,,,,,,,,,10-240,20,1.1,1.14,10,11,12.3,86,48,27
High pressure Extension Tube Lenght 10 Cms,Extn. Tube,Disposable,Infusion Therapy,Size,10 Cms,,,,,,,,,,,,,,,,,,,,,10-240,50,0.93,0.97,10,9.3,10.55,86,48,27
High pressure Extension Tube Lenght 25 Cms,Extn. Tube,Disposable,Infusion Therapy,Size,25 Cms,,,,,,,,,,,,,,,,,,,,,10-240,50,0.93,0.97,10,9.3,10.55,86,48,27
High pressure Extension Tube Lenght 50 Cms,Extn. Tube,Disposable,Infusion Therapy,Size,50 Cms,,,,,,,,,,,,,,,,,,,,,10-240,50,0.93,0.97,10,9.3,10.55,86,48,27
High pressure Extension Tube Lenght 100 Cms,Extn. Tube,Disposable,Infusion Therapy,Size,100 Cms,,,,,,,,,,,,,,,,,,,,,10-240,50,0.93,0.97,10,9.3,10.55,86,48,27
High pressure Extension Tube Lenght 150 Cms,Extn. Tube,Disposable,Infusion Therapy,Size,150 Cms,,,,,,,,,,,,,,,,,,,,,10-240,40,1.1,1.14,10,11,12.3,86,48,27
High pressure Extension Tube Lenght 200 Cms,Extn. Tube,Disposable,Infusion Therapy,Size,200 Cms,,,,,,,,,,,,,,,,,,,,,10-240,40,1.1,1.14,10,11,12.3,86,48,27
High pressure Extension Tube Lenght 250 Cms,Extn. Tube,Disposable,Infusion Therapy,Size,250 Cms,,,,,,,,,,,,,,,,,,,,,10-240,20,1.1,1.14,10,11,12.3,86,48,27
High pressure Extension Tube Lenght 300 Cms,Extn. Tube,Disposable,Infusion Therapy,Size,300 Cms,,,,,,,,,,,,,,,,,,,,,10-240,20,1.1,1.14,10,11,12.3,86,48,27
High pressure Extension Tube Lenght 400 Cms,Extn. Tube,Disposable,Infusion Therapy,Size,400 Cms,,,,,,,,,,,,,,,,,,,,,10-240,20,1.1,1.14,10,11,12.3,86,48,27
IV Flow regulator Extension Set,Extn. Set,Disposable,Infusion Therapy,Color,White,,,,,,,,,,,,,,,,,,,,,10-250,40,1,1.04,10,10,11.3,86,48,27
"IV Infusion set with 150 Cms Tube, with Filter, with Roller clamp, with luer slip, with Needle, with latex Bulb",IV set,Disposable,Infusion Therapy,Type,With Airvent,Without Airvent,,,,,,,,,,,,,,,,,,,,10-310,50,1.46,1.5,10,14.6,15.8,58.5,45,40
"IV Infusion set ""Micro Drip"" with 150 Cms Tube, with Filter, with Roller clamp, with luer slip, with Needle, with latex Bulb",IV set,Disposable,Infusion Therapy,Type,With Airvent,Without Airvent,,,,,,,,,,,,,,,,,,,,10-320,50,1.46,1.5,10,14.6,15.8,58.5,45,40
"IV Infusion set with 150 Cms Tube, with Filter, with Roller clamp, with luer slip, with Needle, with latex Bulb, with White Flow regulator",IV set,Disposable,Infusion Therapy,Type,With Airvent,Without Airvent,,,,,,,,,,,,,,,,,,,,10-340,40,1.36,1.4,10,13.6,14.8,58.5,45,40
"IV Infusion Set (Economy) with Filter, With Roler clamp, With Luer Slip, Plain Bulb, With Needle, with 150 Cms Tube (Poly Pack)",IV set,Disposable,Infusion Therapy,Type,With Airvent,Without Airvent,,,,,,,,,,,,,,,,,,,,10-300,80,1.46,1.5,10,14.6,15.8,61,48,40
Measured Volume Set with 150 Cms Tube,Burret Set,Disposable,Infusion Therapy,Capacity,110 ml,150 ml,,,,,,,,,,,,,,,,,,,,10-350,10,0.75,0.78,10,7.5,8.75,60,51,33
"Scalp Vein Set 19mm Sliconized Cannula, with 30cm Extension Tube ",Scalp Vein,Disposable,Infusion Therapy,Size,18G,19G,20G,21G,22G,23G,24G,25G,,,,,,,,,,,,,,10-370,100,0.3,0.31,30,9,10,60,40,38
External Male Connector,Urology,Disposable,Urology,Size,25 mm,30 mm,35 mm,40 mm,,,,,,,,,,,,,,,,,,10-580,100,1.6,1.63,10,16,17.2,61,61,44
Urine Collection Bag  - 2000ml,Urology,Disposable,Urology,Capacity,2000 ml,,,,,,,,,,,,,,,,,,,,,10-588,50,2.95,2.97,4,11.8,12.8,43,42,42
Urine Collection Bag With Top Outlet & Rod For Hanging - 2000ml,Urology,Disposable,Urology,Capacity,2000 ml,,,,,,,,,,,,,,,,,,,,,10-588,50,2.95,2.97,4,14.5,15.6,43,42,42
Urine Collection Leg Bag With Bottom Outlet - 2000ml,Urology,Disposable,Urology,Capacity,2000 ml,,,,,,,,,,,,,,,,,,,,,10-596,50,2.95,2.97,4,10,11.2,43,42,42
Urine Collection Bag With T-Type Bottom Outlet - 2000ml,Urology,Disposable,Urology,Capacity,2000 ml,,,,,,,,,,,,,,,,,,,,,10-588,50,2.95,2.97,4,12.5,13.7,43,42,42
Urine  Collection Bag Paediatric - 100 ml,Urology,Disposable,Urology,Capacity,100 ml,,,,,,,,,,,,,,,,,,,,,10-593,50,0.15,0.16,80,12.1,13.3,54,29,35
"Blood Transfusion Set, with Latex bulb, with Luer Slip, with Needle overall length 150cms",BT set,Disposable,Urology & Blood,Type,With Aitvent,Without Airvent,,,,,,,,,,,,,,,,,,,,11-200,25,1.81,1.83,8,14.5,15.5,59,40,38
SIngle Blood Bag 250 ml,Blood Management,Disposable,Blood Mangement &Surgery,No of Bags,one ,,,,,,,,,,,,,,,,,,,,,11-100,10,0.85,0.87,10,8.5,9.65,36,35,27
Single Blood Bag 300 ml,Blood Management,Disposable,Blood Mangement &Surgery,No of Bags,one ,,,,,,,,,,,,,,,,,,,,,11-100,10,0.97,1,10,9.7,10.9,36,35,27
Single Blood Bag 350 ml,Blood Management,Disposable,Blood Mangement &Surgery,No of Bags,one ,,,,,,,,,,,,,,,,,,,,,11-100,10,1.09,1.12,10,10.25,11.35,36,35,27
Single Blood Bag 450 ml,Blood Management,Disposable,Blood Mangement &Surgery,No of Bags,one ,,,,,,,,,,,,,,,,,,,,,11-100,10,1.135,1.15,10,11.35,12.55,36,35,27
Single Blood Bag 500 ml,Blood Management,Disposable,Blood Mangement &Surgery,No of Bags,one,,,,,,,,,,,,,,,,,,,,,11-100,10,1.25,1.27,10,12.5,13.65,36,35,27
Double Blood Bag 350 ml & 300 ml,Blood Management,Disposable,Blood Mangement &Surgery,No of Bags,Two,,,,,,,,,,,,,,,,,,,,,11-120,30,4.2,4.3,2,8.4,9.4,36,35,27
Double Blood Bag 450 ml & 300 ml,Blood Management,Disposable,Blood Mangement &Surgery,No of Bags,Two,,,,,,,,,,,,,,,,,,,,,11-120,30,4.25,4.35,2,8.5,9.5,36,35,27
Double Blood Bag 450 ml & 400 ml,Blood Management,Disposable,Blood Mangement &Surgery,No of Bags,Two,,,,,,,,,,,,,,,,,,,,,11-120,30,4.67,4.77,2,9.35,10.35,36,35,27
Double Blood Bag 500 ml & 300 ml,Blood Management,Disposable,Blood Mangement &Surgery,No of Bags,Two,,,,,,,,,,,,,,,,,,,,,11-120,30,4.75,4.85,2,9.5,10.5,36,35,27
"Triple Blood Bag 350 ml , 300 ml & 300 ml  ",Blood Management,Disposable,Blood Mangement &Surgery,No of Bags,Three,,,,,,,,,,,,,,,,,,,,,11-130,40,7.1,7.2,1,7.1,8.1,36,35,27
"Triple Blood Bag 450 ml , 300 ml & 300 ml  ",Blood Management,Disposable,Blood Mangement &Surgery,No of Bags,Three,,,,,,,,,,,,,,,,,,,,,11-130,40,7.5,7.6,1,7.5,8.5,36,35,27
"Triple Blood Bag 450 ml , 400 ml & 400 ml  ",Blood Management,Disposable,Blood Mangement &Surgery,No of Bags,Three,,,,,,,,,,,,,,,,,,,,,11-130,40,7.8,7.8,1,7.8,8.8,36,35,27
"Triple Blood Bag 500 ml , 300 ml & 300 ml  ",Blood Management,Disposable,Blood Mangement &Surgery,No of Bags,Three,,,,,,,,,,,,,,,,,,,,,11-130,40,8,8.1,1,8,9,36,35,27
Quadruple Blood Bag 350 ml & 300 ml x 3 ,Blood Management,Disposable,Blood Mangement &Surgery,No of Bags,Four,,,,,,,,,,,,,,,,,,,,,11-140,30,6.85,6.95,1,6.85,7.85,36,35,27
Quadruple Blood Bag 450 ml & 300 ml x 3 ,Blood Management,Disposable,Blood Mangement &Surgery,No of Bags,Four,,,,,,,,,,,,,,,,,,,,,11-140,30,6.85,6.95,1,6.85,7.85,36,35,27
Quadruple Blood Bag 450 ml & 400 ml x 3 ,Blood Management,Disposable,Blood Mangement &Surgery,No of Bags,Four,,,,,,,,,,,,,,,,,,,,,11-140,30,6.85,6.95,1,6.85,7.85,36,35,27
Quadruple Blood Bag 500 ml & 300 ml x 3 ,Blood Management,Disposable,Blood Mangement &Surgery,No of Bags,Four,,,,,,,,,,,,,,,,,,,,,11-140,30,6.85,6.95,1,6.85,7.85,36,35,27
Close Wound Suction Unit,Surgery,Disposable,Surgery,Size,6 FG,8 FG,10 FG,12 FG,14 FG,16 FG,18FG,,,,,,,,,,,,,,,11-400,4,,,10,12.5,13.4,63,58,45
Close Wound Suction Unit,Surgery,Disposable,Surgery,Capacity,400 ML,800 ML,,,,,,,,,,,,,,,,,,,,11-400,4,,,10,12.5,13.4,63,58,45
Abdominal Drainage Set Capacity 2000 ML,Surgery,Disposable,Surgery,Size,20FG,22 FG,24 FG,26 FG,28 FG,30 FG,32 FG,36 FG,,,,,,,,,,,,,,11-460,10,,,10,14.4,15.5,63,58,30
Redon Drain,Surgery,Disposable,Surgery,Size,8 FG,10 FG,12 FG,14 FG,16 FG,18 FG,,,,,,,,,,,,,,,,11-480,100,,,10,15,16.1,86,48,27
Thoracic Drainage Catheter with Trocar,Surgery,Disposable,Surgery,Size,12 FG,14 FG,16 FG,18 FG,20 FG,22 FG,24 FG,28 FG,30 FG,32 FG,34 FG,36 FG ,40 FG,,,,,,,,,11-500,25,,,10,15.7,16.8,63,58,30
Thoracic Drainage Catheter with Angled,Surgery,Disposable,Surgery,Size,12 FG,14 FG,16 FG,18 FG,20 FG,22 FG,24 FG,28 FG,30 FG,32 FG,34 FG,36 FG ,40 FG,,,,,,,,,11-540,25,,,10,15.1,16.2,63,58,30
Thoracic Drainage Catheter without Trocar,Surgery,Disposable,Surgery,Size,12 FG,14 FG,16 FG,18 FG,20 FG,22 FG,24 FG,28 FG,30 FG,32 FG,34 FG,36 FG ,40 FG,,,,,,,,,11-520,25,,,10,15.1,16.2,63,58,30
Yankur Suction Unit,Surgery,Disposable,Surgery,Capacity,110 ML,150 ML,,,,,,,,,,,,,,,,,,,,11-580,10,,,8,12.5,13.5,86,57,26
Surgical Blade,Surgery,Disposable,Surgery,Size,9,10,10A,11,11K,12,14,15,15C,16,19,20,21,22,23,24,25,36,,,,11-620,100,,,100,18.5,19.5,48,33,22
Surgical Blade,Surgery,Disposable,Surgery,Type,Stainless Steel,Carbon Steel,,,,,,,,,,,,,,,,,,,,11-620,100,,,100,18.5,19.5,48,33,22
Blood Lancets,Surgery,Disposable,Surgery,Made,SS,,,,,,,,,,,,,,,,,,,,,11-600,200,,,200,25.3,26.5,57,45,37
Ryle's Tube Size 6 FG,Nasogastric,Disposable,Gastroenterology,Size,6 FG,,,,,,,,,,,,,,,,,,,,,10-700,50,,,10,14,15,86,48,27
Ryle's Tube Size 8 FG,Nasogastric,Disposable,Gastroenterology,Size,8 FG,,,,,,,,,,,,,,,,,,,,,10-700,50,,,10,14,15,86,48,27
Ryle's Tube Size 10 FG,Nasogastric,Disposable,Gastroenterology,Size,10 FG,,,,,,,,,,,,,,,,,,,,,10-700,50,,,10,14,15,86,48,27
Ryle's Tube Size 12 FG,Nasogastric,Disposable,Gastroenterology,Size,12 FG,,,,,,,,,,,,,,,,,,,,,10-700,50,,,10,14,15,86,48,27
Ryle's Tube Size 14 FG,Nasogastric,Disposable,Gastroenterology,Size,14 FG,,,,,,,,,,,,,,,,,,,,,10-700,50,,,10,14,15,86,48,27
Ryle's Tube Size 16 FG,Nasogastric,Disposable,Gastroenterology,Size,16 FG,,,,,,,,,,,,,,,,,,,,,10-700,50,,,10,14,15,86,48,27
Ryle's Tube Size 18 FG,Nasogastric,Disposable,Gastroenterology,Size,18 FG,,,,,,,,,,,,,,,,,,,,,10-700,50,,,8,14,15,86,48,27
Ryle's Tube Size 20 FG,Nasogastric,Disposable,Gastroenterology,Size,20 FG,,,,,,,,,,,,,,,,,,,,,10-700,50,,,8,14,15,86,48,27
Ryle's Tube Size 22 FG,Nasogastric,Disposable,Gastroenterology,Size,22 FG,,,,,,,,,,,,,,,,,,,,,10-700,50,,,5,10,11,86,48,27
Levin's Tube Size 6 FG,Gastro Intestinal,Disposable,Gastroenterology,Size,6 FG,,,,,,,,,,,,,,,,,,,,,10-720,50,,,10,15.3,16.3,86,48,27
Levin's Tube Size 8 FG,Gastro Intestinal,Disposable,Gastroenterology,Size,8 FG,,,,,,,,,,,,,,,,,,,,,10-720,50,,,10,15.3,16.3,86,48,27
Levin's Tube Size 10 FG,Gastro Intestinal,Disposable,Gastroenterology,Size,10 FG,,,,,,,,,,,,,,,,,,,,,10-720,50,,,10,15.3,16.3,86,48,27
Levin's Tube Size 12 FG,Gastro Intestinal,Disposable,Gastroenterology,Size,12 FG,,,,,,,,,,,,,,,,,,,,,10-720,50,,,10,15.3,16.3,86,48,27
Levin's Tube Size 14 FG,Gastro Intestinal,Disposable,Gastroenterology,Size,14 FG,,,,,,,,,,,,,,,,,,,,,10-720,50,,,10,15.3,16.3,86,48,27
Levin's Tube Size 16 FG,Gastro Intestinal,Disposable,Gastroenterology,Size,16 FG,,,,,,,,,,,,,,,,,,,,,10-720,50,,,10,15.3,16.3,86,48,27
Levin's Tube Size 18 FG,Gastro Intestinal,Disposable,Gastroenterology,Size,18 FG,,,,,,,,,,,,,,,,,,,,,10-720,50,,,8,15.7,16.7,86,48,27
Levin's Tube Size 20 FG,Gastro Intestinal,Disposable,Gastroenterology,Size,20 FG,,,,,,,,,,,,,,,,,,,,,10-720,50,,,8,15.7,16.7,86,48,27
Levin's Tube Size 22 FG,Gastro Intestinal,Disposable,Gastroenterology,Size,22 FG,,,,,,,,,,,,,,,,,,,,,10-720,50,,,5,11.3,12.3,86,48,27
"Rectal Catheter Length 125cms, Size 18 FG",Catheter,Disposable,Gastroenterology,Size,18 FG,,,,,,,,,,,,,,,,,,,,,10-740,100,,,10,16.6,17.7,63,58,30
"Rectal Catheter Length 125cms, Size 20 FG",Catheter,Disposable,Gastroenterology,Size,20 FG,,,,,,,,,,,,,,,,,,,,,10-740,100,,,10,16.6,17.7,63,58,30
"Rectal Catheter Length 125cms, Size 22 FG",Catheter,Disposable,Gastroenterology,Size,22 FG,,,,,,,,,,,,,,,,,,,,,10-740,100,,,10,17.7,18.8,63,58,30
"Rectal Catheter Length 125cms, Size 24 FG",Catheter,Disposable,Gastroenterology,Size,24 FG,,,,,,,,,,,,,,,,,,,,,10-740,100,,,5,16,17,63,58,30
"Rectal Catheter Length 125cms, Size 26 FG",Catheter,Disposable,Gastroenterology,Size,26 FG,,,,,,,,,,,,,,,,,,,,,10-740,100,,,5,16,17,63,58,30
"Rectal Catheter Length 125cms, Size 28 FG",Catheter,Disposable,Gastroenterology,Size,28 FG,,,,,,,,,,,,,,,,,,,,,10-740,100,,,5,16,17,63,58,30
"Rectal Catheter Length 125cms, Size 30 FG",Catheter,Disposable,Gastroenterology,Size,30 FG,,,,,,,,,,,,,,,,,,,,,10-740,100,,,5,16,17,63,58,30
"Rectal Catheter Length 125cms, Size 32 FG",Catheter,Disposable,Gastroenterology,Size,32 FG,,,,,,,,,,,,,,,,,,,,,10-740,100,,,5,16,17,63,58,30
Infant Feeding Tube Size 4 FG,Nasogastric,Disposable,Gastroenterology,Size,4 FG,,,,,,,,,,,,,,,,,,,,,10-760,100,,,10,10.5,11.7,63,58,30
Infant Feeding Tube Size 6 FG,Nasogastric,Disposable,Gastroenterology,Size,6 FG,,,,,,,,,,,,,,,,,,,,,10-760,100,,,10,10.5,11.7,63,58,30
Infant Feeding Tube Size 8 FG,Nasogastric,Disposable,Gastroenterology,Size,8 FG,,,,,,,,,,,,,,,,,,,,,10-760,100,,,10,10.5,11.7,63,58,30
Infant Feeding Tube Size 10 FG,Nasogastric,Disposable,Gastroenterology,Size,10 FG,,,,,,,,,,,,,,,,,,,,,10-760,100,,,10,10.5,11.7,63,58,30
"Nelton Catheter, Length 40 cms, Size 6 FG",Urine Drainage,Disposable,Gastroenterology,Size,6 FG,,,,,,,,,,,,,,,,,,,,,10-800,100,,,10,16.6,17.7,63,58,30
"Nelton Catheter, Length 40 cms, Size 8 FG",Urine Drainage,Disposable,Gastroenterology,Size,8 FG,,,,,,,,,,,,,,,,,,,,,10-800,100,,,10,16.6,17.7,63,58,30
"Nelton Catheter, Length 40 cms, Size 10 FG",Urine Drainage,Disposable,Gastroenterology,Size,10 FG,,,,,,,,,,,,,,,,,,,,,10-800,100,,,10,16.6,17.7,63,58,30
"Nelton Catheter, Length 40 cms, Size 12 FG",Urine Drainage,Disposable,Gastroenterology,Size,12 FG,,,,,,,,,,,,,,,,,,,,,10-800,100,,,10,16.6,17.7,63,58,30
"Nelton Catheter, Length 40 cms, Size 14 FG",Urine Drainage,Disposable,Gastroenterology,Size,14 FG,,,,,,,,,,,,,,,,,,,,,10-800,100,,,10,16.6,17.7,63,58,30
"Nelton Catheter, Length 40 cms, Size 16 FG",Urine Drainage,Disposable,Gastroenterology,Size,16 FG,,,,,,,,,,,,,,,,,,,,,10-800,100,,,10,16.6,17.7,63,58,30
"Nelton Catheter, Length 40 cms, Size 18 FG",Urine Drainage,Disposable,Gastroenterology,Size,18 FG,,,,,,,,,,,,,,,,,,,,,10-800,100,,,10,16.6,17.7,63,58,30
"Nelton Catheter, Length 40 cms, Size 20 FG",Urine Drainage,Disposable,Gastroenterology,Size,20 FG,,,,,,,,,,,,,,,,,,,,,10-800,100,,,10,18.6,18.7,63,58,30
Mucus Extractor with Filter ,Pedia,Disposable,Others,Size,6 FG,8 FG,10 FG,12 FG,14 FG,,,,,,,,,,,,,,,,,10-900,40,,,10,8.7,9.7,86,48,27
Mucus Extractor Without Filter,Pedia,Disposable,Others,Size,6 FG,8 FG,10 FG,12 FG,14 FG,,,,,,,,,,,,,,,,,10-900,40,,,10,8.7,9.7,86,48,27
Umblical Cord Clamp,Pedia,Disposable,Others,Color,Blue,White,,,,,,,,,,,,,,,,,,,,10-930,100,,,20,12.7,13.8,73,59,36
Fistula Needle,,Disposable,Others,Size,15 FG,16 FG,17 FG,,,,,,,,,,,,,,,,,,,10-980,50,,,10,8,9,63,58,30
Guedel Airways Size 000,oro-pharyngeal,Disposable,Anesthesia,Size,0,,,,,,,,,,,,,,,,,,,,,14-100,50,,,10,9.5,10.6,86,48,27
Guedel Airways Size 00,oro-pharyngeal,Disposable,Anesthesia,Size,0,,,,,,,,,,,,,,,,,,,,,14-100,50,,,10,9.5,10.6,86,48,27
Guedel Airways Size 0,oro-pharyngeal,Disposable,Anesthesia,Size,0,,,,,,,,,,,,,,,,,,,,,14-100,50,,,10,9.5,10.6,86,48,27
Guedel Airways Size 1,oro-pharyngeal,Disposable,Anesthesia,Size,1,,,,,,,,,,,,,,,,,,,,,14-100,50,,,10,9.5,10.6,86,48,27
Guedel Airways Size 2,oro-pharyngeal,Disposable,Anesthesia,Size,2,,,,,,,,,,,,,,,,,,,,,14-100,50,,,10,9.5,10.6,86,48,27
Guedel Airways Size 3,oro-pharyngeal,Disposable,Anesthesia,Size,3,,,,,,,,,,,,,,,,,,,,,14-100,40,,,10,10,11.1,86,48,27
Guedel Airways Size 4,oro-pharyngeal,Disposable,Anesthesia,Size,4,,,,,,,,,,,,,,,,,,,,,14-100,40,,,10,10,11.1,86,48,27
Guedel Airways Size 5,oro-pharyngeal,Disposable,Anesthesia,Size,5,,,,,,,,,,,,,,,,,,,,,14-100,40,,,10,10,11.1,86,48,27
"Nasal Oxygen Cannula, Length 200 cms",Oxygen,Disposable,Anesthesia,Type,Adult,Paediatric,,,,,,,,,,,,,,,,,,,,14-120,50,,,4,15,16,43,42,42
Suction Catheter Plain Size 6 FG,Catheter,Disposable,Anesthesia,Size,6 FG,,,,,,,,,,,,,,,,,,,,,14-160,100,,,10,17,18,63,58,30
Suction Catheter Plain Size 8 FG,Catheter,Disposable,Anesthesia,Size,8 FG,,,,,,,,,,,,,,,,,,,,,14-160,100,,,10,17,18,63,58,30
Suction Catheter Plain Size 10 FG,Catheter,Disposable,Anesthesia,Size,10 FG,,,,,,,,,,,,,,,,,,,,,14-160,100,,,10,17,18,63,58,30
Suction Catheter Plain Size 12 FG,Catheter,Disposable,Anesthesia,Size,12 FG,,,,,,,,,,,,,,,,,,,,,14-160,100,,,10,17,18,63,58,30
Suction Catheter Plain Size 14 FG,Catheter,Disposable,Anesthesia,Size,14 FG,,,,,,,,,,,,,,,,,,,,,14-160,100,,,10,17,18,63,58,30
Suction Catheter Plain Size 16 FG,Catheter,Disposable,Anesthesia,Size,16 FG,,,,,,,,,,,,,,,,,,,,,14-160,100,,,10,17,18,63,58,30
Suction Catheter Plain Size 18 FG,Catheter,Disposable,Anesthesia,Size,18 FG,,,,,,,,,,,,,,,,,,,,,14-160,100,,,10,20.2,21.3,63,58,30
Suction Catheter Plain Size 20 FG,Catheter,Disposable,Anesthesia,Size,20 FG,,,,,,,,,,,,,,,,,,,,,14-160,100,,,5,13.2,14.3,63,58,30
Suction Catheter Plain Size 22 FG,Catheter,Disposable,Anesthesia,Size,22 FG,,,,,,,,,,,,,,,,,,,,,14-160,100,,,5,13.2,14.3,63,58,30
Suction Catheter Plain Size 24 FG,Catheter,Disposable,Anesthesia,Size,24 FG,,,,,,,,,,,,,,,,,,,,,14-160,100,,,5,13.2,14.3,63,58,30
Suction Catheter with Thumb Control Size 6 FG,Catheter,Disposable,Anesthesia,Size,6 FG,,,,,,,,,,,,,,,,,,,,,14-140,100,,,10,17.2,18.3,63,58,30
Suction Catheter with Thumb Control Size 8 FG,Catheter,Disposable,Anesthesia,Size,8 FG,,,,,,,,,,,,,,,,,,,,,14-140,100,,,10,17.2,18.3,63,58,30
Suction Catheter with Thumb Control Size 10 FG,Catheter,Disposable,Anesthesia,Size,10 FG,,,,,,,,,,,,,,,,,,,,,14-140,100,,,10,17.2,18.3,63,58,30
Suction Catheter with Thumb Control Size 12 FG,Catheter,Disposable,Anesthesia,Size,12 FG,,,,,,,,,,,,,,,,,,,,,14-140,100,,,10,17.2,18.3,63,58,30
Suction Catheter with Thumb Control Size 14 FG,Catheter,Disposable,Anesthesia,Size,14 FG,,,,,,,,,,,,,,,,,,,,,14-140,100,,,10,17.2,18.3,63,58,30
Suction Catheter with Thumb Control Size 16 FG,Catheter,Disposable,Anesthesia,Size,16 FG,,,,,,,,,,,,,,,,,,,,,14-140,100,,,10,17.2,18.3,63,58,30
Suction Catheter with Thumb Control Size 18 FG,Catheter,Disposable,Anesthesia,Size,18 FG,,,,,,,,,,,,,,,,,,,,,14-140,100,,,10,18.8,19.9,63,58,30
Suction Catheter with Thumb Control Size 20 FG,Catheter,Disposable,Anesthesia,Size,20 FG,,,,,,,,,,,,,,,,,,,,,14-140,100,,,5,14.8,15.9,63,58,30
Suction Catheter with Thumb Control Size 22 FG,Catheter,Disposable,Anesthesia,Size,22 FG,,,,,,,,,,,,,,,,,,,,,14-140,100,,,5,14.8,15.9,63,58,30
Suction Catheter with Thumb Control Size 24 FG,Catheter,Disposable,Anesthesia,Size,24 FG,,,,,,,,,,,,,,,,,,,,,14-140,100,,,5,14.8,15.9,63,58,30
Suction Catheter with Finger tip control Size 6 FG,Catheter,Disposable,Anesthesia,Size,6 FG,,,,,,,,,,,,,,,,,,,,,14-150,100,,,10,17.2,18.3,63,58,30
Suction Catheter with Finger tip control Size 8 FG,Catheter,Disposable,Anesthesia,Size,8 FG,,,,,,,,,,,,,,,,,,,,,14-150,100,,,10,17.2,18.3,63,58,30
Suction Catheter with Finger tip control Size 10 FG,Catheter,Disposable,Anesthesia,Size,10 FG,,,,,,,,,,,,,,,,,,,,,14-150,100,,,10,17.2,18.3,63,58,30
Suction Catheter with Finger tip control Size 12 FG,Catheter,Disposable,Anesthesia,Size,12 FG,,,,,,,,,,,,,,,,,,,,,14-150,100,,,10,17.2,18.3,63,58,30
Suction Catheter with Finger tip control Size 14 FG,Catheter,Disposable,Anesthesia,Size,14 FG,,,,,,,,,,,,,,,,,,,,,14-150,100,,,10,17.2,18.3,63,58,30
Suction Catheter with Finger tip control Size 16 FG,Catheter,Disposable,Anesthesia,Size,16 FG,,,,,,,,,,,,,,,,,,,,,14-150,100,,,10,17.2,18.3,63,58,30
Suction Catheter with Finger tip control Size 18 FG,Catheter,Disposable,Anesthesia,Size,18 FG,,,,,,,,,,,,,,,,,,,,,14-150,100,,,10,18.8,19.9,63,58,30
Suction Catheter with Finger tip control Size 20 FG,Catheter,Disposable,Anesthesia,Size,20 FG,,,,,,,,,,,,,,,,,,,,,14-150,100,,,5,14.8,15.9,63,58,30
Suction Catheter with Finger tip control Size 22 FG,Catheter,Disposable,Anesthesia,Size,22 FG,,,,,,,,,,,,,,,,,,,,,14-150,100,,,5,14.8,15.9,63,58,30
Suction Catheter with Finger tip control Size 24 FG,Catheter,Disposable,Anesthesia,Size,24 FG,,,,,,,,,,,,,,,,,,,,,14-150,100,,,5,14.8,15.9,63,58,30
Spinal Needle,Spinal,Disposable,Anesthesia,Type,Pencil Point,Quincke Point,,,,,,,,,,,,,,,,,,,,14-200,25,,,20,2.78,3.48,45,18,33
Spinal Needle,Spinal,Disposable,Anesthesia,Size,16G,17G,18G,19G,20G,21G,22G,23G,24G,25G,26G,27G,,,,,,,,,,14-200,25,,,20,2.78,3.48,45,18,33
Endotracheal Tube Plain Size 2 mm,ET Tube,Disposable,Anesthesia,Size,2 mm,,,,,,,,,,,,,,,,,,,,,14-240,10,,,10,4,5,42,29,23
Endotracheal Tube Plain Size 2.5 mm,ET Tube,Disposable,Anesthesia,Size,2.5 mm,,,,,,,,,,,,,,,,,,,,,14-240,10,,,10,4,5,42,29,23
Endotracheal Tube Plain Size 3 mm,ET Tube,Disposable,Anesthesia,Size,3 mm,,,,,,,,,,,,,,,,,,,,,14-240,10,,,10,4,5,42,29,23
Endotracheal Tube Plain Size 3.5 mm,ET Tube,Disposable,Anesthesia,Size,3.5 mm,,,,,,,,,,,,,,,,,,,,,14-240,10,,,10,4,5,42,29,23
Endotracheal Tube Plain Size 4 mm,ET Tube,Disposable,Anesthesia,Size,4 mm,,,,,,,,,,,,,,,,,,,,,14-240,10,,,10,4,5,42,29,23
Endotracheal Tube Plain Size 4.5 mm,ET Tube,Disposable,Anesthesia,Size,4.5 mm,,,,,,,,,,,,,,,,,,,,,14-240,10,,,10,4,5,42,29,23
Endotracheal Tube Plain Size 5 mm,ET Tube,Disposable,Anesthesia,Size,5 mm,,,,,,,,,,,,,,,,,,,,,14-240,10,,,10,5,6,50,37,34
Endotracheal Tube Plain Size 5.5 mm,ET Tube,Disposable,Anesthesia,Size,5.5 mm,,,,,,,,,,,,,,,,,,,,,14-240,10,,,10,5,6,50,37,34
Endotracheal Tube Plain Size 6 mm,ET Tube,Disposable,Anesthesia,Size,6 mm,,,,,,,,,,,,,,,,,,,,,14-240,10,,,10,5,6,50,37,34
Endotracheal Tube Plain Size 6.5 mm,ET Tube,Disposable,Anesthesia,Size,6.5 mm,,,,,,,,,,,,,,,,,,,,,14-240,10,,,10,5,6,50,37,34
Endotracheal Tube Plain Size 7 mm,ET Tube,Disposable,Anesthesia,Size,7 mm,,,,,,,,,,,,,,,,,,,,,14-240,10,,,10,5,6,50,37,34
Endotracheal Tube Plain Size 7.5 mm,ET Tube,Disposable,Anesthesia,Size,7.5 mm,,,,,,,,,,,,,,,,,,,,,14-240,10,,,10,5,6,50,37,34
Endotracheal Tube Plain Size 8 mm,ET Tube,Disposable,Anesthesia,Size,8 mm,,,,,,,,,,,,,,,,,,,,,14-240,10,,,10,5,6,50,37,34
Endotracheal Tube Plain Size 8.5 mm,ET Tube,Disposable,Anesthesia,Size,8.5 mm,,,,,,,,,,,,,,,,,,,,,14-240,10,,,10,5,6,50,37,34
Endotracheal Tube Plain Size 9 mm,ET Tube,Disposable,Anesthesia,Size,9 mm,,,,,,,,,,,,,,,,,,,,,14-240,10,,,10,5,6,50,37,34
Endotracheal Tube Plain Size 9.5 mm,ET Tube,Disposable,Anesthesia,Size,9.5 mm,,,,,,,,,,,,,,,,,,,,,14-240,10,,,10,5,6,50,37,34
Endotracheal Tube Plain Size 10 mm,ET Tube,Disposable,Anesthesia,Size,10 mm,,,,,,,,,,,,,,,,,,,,,14-240,10,,,10,5,6,50,37,34
Endotracheal Tube Plain Size 10.5 mm,ET Tube,Disposable,Anesthesia,Size,10.5 mm,,,,,,,,,,,,,,,,,,,,,14-240,10,,,10,5,6,50,37,34
Endotracheal Tube Plain Size 11 mm,ET Tube,Disposable,Anesthesia,Size,11 mm,,,,,,,,,,,,,,,,,,,,,14-240,10,,,10,5,6,50,37,34
Endotracheal Tube Cuffed Size 2 mm,ET Tube,Disposable,Anesthesia,Size,2 mm,,,,,,,,,,,,,,,,,,,,,14-260,10,,,10,4,5,42,29,23
Endotracheal Tube Cuffed Size 2.5 mm,ET Tube,Disposable,Anesthesia,Size,2.5 mm,,,,,,,,,,,,,,,,,,,,,14-260,10,,,10,4,5,42,29,23
Endotracheal Tube Cuffed Size 3 mm,ET Tube,Disposable,Anesthesia,Size,3 mm,,,,,,,,,,,,,,,,,,,,,14-260,10,,,10,4,5,42,29,23
Endotracheal Tube Cuffed Size 3.5 mm,ET Tube,Disposable,Anesthesia,Size,3.5 mm,,,,,,,,,,,,,,,,,,,,,14-260,10,,,10,4,5,42,29,23
Endotracheal Tube Cuffed Size 4 mm,ET Tube,Disposable,Anesthesia,Size,4 mm,,,,,,,,,,,,,,,,,,,,,14-260,10,,,10,4,5,42,29,23
Endotracheal Tube Cuffed Size 4.5 mm,ET Tube,Disposable,Anesthesia,Size,4.5 mm,,,,,,,,,,,,,,,,,,,,,14-260,10,,,10,4,5,42,29,23
Endotracheal Tube Cuffed Size 5 mm,ET Tube,Disposable,Anesthesia,Size,5 mm,,,,,,,,,,,,,,,,,,,,,14-260,10,,,10,5,6,50,37,34
Endotracheal Tube Cuffed Size 5.5 mm,ET Tube,Disposable,Anesthesia,Size,5.5 mm,,,,,,,,,,,,,,,,,,,,,14-260,10,,,10,5,6,50,37,34
Endotracheal Tube Cuffed Size 6 mm,ET Tube,Disposable,Anesthesia,Size,6 mm,,,,,,,,,,,,,,,,,,,,,14-260,10,,,10,5,6,50,37,34
Endotracheal Tube Cuffed Size 6.5 mm,ET Tube,Disposable,Anesthesia,Size,6.5 mm,,,,,,,,,,,,,,,,,,,,,14-260,10,,,10,5,6,50,37,34
Endotracheal Tube Cuffed Size 7 mm,ET Tube,Disposable,Anesthesia,Size,7 mm,,,,,,,,,,,,,,,,,,,,,14-260,10,,,10,5,6,50,37,34
Endotracheal Tube Cuffed Size 7.5 mm,ET Tube,Disposable,Anesthesia,Size,7.5 mm,,,,,,,,,,,,,,,,,,,,,14-260,10,,,10,5,6,50,37,34
Endotracheal Tube Cuffed Size 8 mm,ET Tube,Disposable,Anesthesia,Size,8 mm,,,,,,,,,,,,,,,,,,,,,14-260,10,,,10,5,6,50,37,34
Endotracheal Tube Cuffed Size 8.5 mm,ET Tube,Disposable,Anesthesia,Size,8.5 mm,,,,,,,,,,,,,,,,,,,,,14-260,10,,,10,5,6,50,37,34
Endotracheal Tube Cuffed Size 9 mm,ET Tube,Disposable,Anesthesia,Size,9 mm,,,,,,,,,,,,,,,,,,,,,14-260,10,,,10,5,6,50,37,34
Endotracheal Tube Cuffed Size 9.5 mm,ET Tube,Disposable,Anesthesia,Size,9.5 mm,,,,,,,,,,,,,,,,,,,,,14-260,10,,,10,5,6,50,37,34
Endotracheal Tube Cuffed Size 10 mm,ET Tube,Disposable,Anesthesia,Size,10 mm,,,,,,,,,,,,,,,,,,,,,14-260,10,,,10,5,6,50,37,34
Endotracheal Tube Cuffed Size 10.5 mm,ET Tube,Disposable,Anesthesia,Size,10.5 mm,,,,,,,,,,,,,,,,,,,,,14-260,10,,,10,5,6,50,37,34
Endotracheal Tube Cuffed Size 11 mm,ET Tube,Disposable,Anesthesia,Size,11 mm,,,,,,,,,,,,,,,,,,,,,14-260,10,,,10,5,6,50,37,34
Oxygen Mask Adult with 210 cms Tube,Mask,Disposable,Anesthesia,Type,Adult,,,,,,,,,,,,,,,,,,,,,14-280,10,,,20,18.3,19.4,64,56,38
Oxygen Mask Child with 210 cms Tube,Mask,Disposable,Anesthesia,Type,Child,,,,,,,,,,,,,,,,,,,,,14-280,10,,,24,17.3,18.4,65,57,37
Nebulizer Kit with Mask Adult with 210 cms Tube,Mask,Disposable,Anesthesia,Type,Adult,,,,,,,,,,,,,,,,,,,,,14-320,10,,,8,12.25,13.25,74,48,22
Nebulizer Kit with Mask Child with 210 cms Tube,Mask,Disposable,Anesthesia,Type,Child,,,,,,,,,,,,,,,,,,,,,14-320,10,,,10,12.25,13.25,74,48,22
Venturi Mask,Mask,Disposable,Anesthesia,Type,Adult,,,,,,,,,,,,,,,,,,,,,14-300,10,,,8,12.25,13.25,74,48,22
"Latex Examination Gloves, Non Sterile",Gloves,Consumable,Gloves,Type,Powdered,Non Powdered,,,,,,,,,,,,,,,,,,,,12-100,100,,,10,4,4.68,32,25,25
"Latex Examination Gloves, Non Sterile",Gloves,Consumable,Gloves,Size,Small,Medium,Large,Extra Small,Extra Large,,,,,,,,,,,,,,,,,12-100,100,,,10,4,4.68,32,25,25
"Latex Gynecological Gloves, Sterile",Gloves,Consumable,Gloves,Size ,Small,Medium,Large,,,,,,,,,,,,,,,,,,,12-160,25,,,8,10.6,11.7,62,32,26
"Latex Surgical Gloves, Sterile",Gloves,Consumable,Gloves,Size,6,6.5,7,7.5,8,8.5,9,9.5,,,,,,,,,,,,,,12-140,50,,,8,8.5,9.5,49,28,41
Stool Sample Container with spoon 30 ml ,Sampling,Consumable,Others,Size,30 ml,,,,,,,,,,,,,,,,,,,,,12-460,100,,,10,6.5,7.5,68,57,28
Stool Sample Container with spoon 50 ml ,Sampling,Consumable,Others,Size,50 ml,,,,,,,,,,,,,,,,,,,,,12-460,100,,,6,7.2,8.2,64,54,29
Stool Sample Container with spoon 60 ml ,Sampling,Consumable,Others,Size,60 ml,,,,,,,,,,,,,,,,,,,,,12-460,100,,,6,7.5,8.5,64,54,29
Urine Sample Container 30 ml,Sampling,Consumable,Others,Size,30 ml,,,,,,,,,,,,,,,,,,,,,12-440,100,,,10,6.5,7.5,68,57,28
Urine Sample Container 50 ml,Sampling,Consumable,Others,Size,50 ml,,,,,,,,,,,,,,,,,,,,,12-440,100,,,6,7.2,8.2,64,54,29
Urine Sample Container 60ml,Sampling,Consumable,Others,Size,60 ml,,,,,,,,,,,,,,,,,,,,,12-440,100,,,6,7.5,8.5,64,54,29
"Laryngoscope McIntosh, With Three Blades SS",Laryngoscope,Anaesthesia,Laryngoscope,Type,McIntosh,,,,,,,,,,,,,,,,,,,,,14-500,1,,,20,21,23.5,58,55,36
"Laryngoscope McIntosh, With Four Blades SS",Laryngoscope,Anaesthesia,Laryngoscope,Type,McIntosh,,,,,,,,,,,,,,,,,,,,,14-500,1,,,20,25,27.4,60,56,36
"Laryngoscope McIntosh, With Five Blades SS",Laryngoscope,Anaesthesia,Laryngoscope,Type,McIntosh,,,,,,,,,,,,,,,,,,,,,14-500,1,,,20,25.3,27.8,60,54,36
"Laryngoscope Miller, With Three Blades SS",Laryngoscope,Anaesthesia,Laryngoscope,Type,Miller,,,,,,,,,,,,,,,,,,,,,14-530,1,,,20,21,23.5,58,55,36
"Laryngoscope Miller, With Four Blades SS",Laryngoscope,Anaesthesia,Laryngoscope,Type,Miller,,,,,,,,,,,,,,,,,,,,,14-530,1,,,20,25,27.4,60,56,36
"Laryngoscope Miller, With Five Blades SS",Laryngoscope,Anaesthesia,Laryngoscope,Type,Miller,,,,,,,,,,,,,,,,,,,,,14-530,1,,,20,25.3,27.8,60,54,36
Laryngoscope Fiber Optics With Three Blades,Laryngoscope,Anaesthesia,Laryngoscope,Type,Fiber Optics,,,,,,,,,,,,,,,,,,,,,14-560,1,,,20,21,23.5,58,55,36
Laryngoscope Fiber Optics With Four Blades,Laryngoscope,Anaesthesia,Laryngoscope,Type,Fiber Optics,,,,,,,,,,,,,,,,,,,,,14-560,1,,,20,25,27.4,60,56,36
Laryngoscope Fiber Optics With Five Blades,Laryngoscope,Anaesthesia,Laryngoscope,Type,Fiber Optics,,,,,,,,,,,,,,,,,,,,,14-560,1,,,20,25.3,27.8,60,54,36
Resuscitator Silicon Adult (Autoclavable) ,Resuscitator,Anaesthesia,Resuscitator,Size,Adult,,,,,,,,,,,,,,,,,,,,,14-700,1,,,16,17,18,58,58,42
Resuscitator Silicon Child (Autoclavable) ,Resuscitator,Anaesthesia,Resuscitator,Size,Child,,,,,,,,,,,,,,,,,,,,,14-700,1,,,24,17.5,18.5,58,58,40
Resuscitator Silicon Infant (Autoclavable) ,Resuscitator,Anaesthesia,Resuscitator,Size,Infant,,,,,,,,,,,,,,,,,,,,,14-700,1,,,24,17.5,18.5,58,58,40
Resuscitator Rubber Italian Model Adult,Resuscitator,Anaesthesia,Resuscitator,Size,Adult,,,,,,,,,,,,,,,,,,,,,14-730,1,,,16,17,18,58,58,42
Resuscitator Rubber Italian Model Child,Resuscitator,Anaesthesia,Resuscitator,Size,Child,,,,,,,,,,,,,,,,,,,,,14-730,1,,,24,17.5,18.5,58,58,40
Resuscitator Rubber Italian Model Infant,Resuscitator,Anaesthesia,Resuscitator,Size,Infant,,,,,,,,,,,,,,,,,,,,,14-730,1,,,24,17.5,18.5,58,58,40
Rebreathing Bag 1 Liter,Rebreathing,Anaesthesia,Resuscitator,Size,1 Liter,,,,,,,,,,,,,,,,,,,,,14-750,1,,,100,13,14,83,43,36
Rebreathing Bag 2 Liter,Rebreathing,Anaesthesia,Resuscitator,Size,2 Liter,,,,,,,,,,,,,,,,,,,,,14-750,1,,,100,15.1,16.1,72,47,41
Rebreathing Bag 3 Liter,Rebreathing,Anaesthesia,Resuscitator,Size,3 Liter,,,,,,,,,,,,,,,,,,,,,14-750,1,,,100,16,17,72,47,41
Rebreathing Bag 4 Liter,Rebreathing,Anaesthesia,Resuscitator,Size,4 Liter,,,,,,,,,,,,,,,,,,,,,14-750,1,,,100,17.4,18.4,82,40,42
Rebreathing Bag 5 Liter,Rebreathing,Anaesthesia,Resuscitator,Size,5 Liter,,,,,,,,,,,,,,,,,,,,,14-750,1,,,100,21.5,22.8,72,47,41
Corrugrated Tube Black,Corrugrated Tube,Anaesthesia,Resuscitator,Size,10 Cms,30 Cms,105 Cms,,,,,,,,,,,,,,,,,,,14-770,10,,,5,18,19.1,56,41,37
Height and Weight Measuring Scale,Weighing,Diagnostics,Scale,Capacity,150 Kgs,,,,,,,,,,,,,,,,,,,,,16-180,2,,,1,11.4,12.4,80,38,20
Digital Weighing Scale 120 Kgs,Weighing,Diagnostics,Scale,Capacity,120 Kgs,,,,,,,,,,,,,,,,,,,,,16-110,1,,,10,20,22,44,44,38
Digital Weighing Scale 150 Kgs,Weighing,Diagnostics,Scale,Capacity,150 Kgs,,,,,,,,,,,,,,,,,,,,,16-110,1,,,10,20,22,44,44,38
Digital Weighing Scale 180 Kgs,Weighing,Diagnostics,Scale,Capacity,180 Kgs,,,,,,,,,,,,,,,,,,,,,16-110,1,,,10,20,22,44,44,38
Manual Weighing Scale (Mechanical) 120 Kgs,Weighing,Diagnostics,Scale,Capacity,120 Kgs,,,,,,,,,,,,,,,,,,,,,16-120,1,,,10,17,18,43,43,37
Manual Weighing Scale (Mechanical) 150 Kgs ,Weighing,Diagnostics,Scale,Capacity,150 Kgs,,,,,,,,,,,,,,,,,,,,,16-120,1,,,10,17,18,43,43,37
Baby Weighing Scale Tray Type 20 Kgs,Weighing,Diagnostics,Scale,Capacity,20 Kgs,,,,,,,,,,,,,,,,,,,,,16-170,1,,,6,15.2,15.2,58,44,44
Baby Weighing Scale 20 Kgs (Hanging Type),Weighing,Diagnostics,Scale,Capacity,20 Kgs,,,,,,,,,,,,,,,,,,,,,16-160,,,,10,11,12,45,30,42
Baby Weighing Scale 20 Kgs with Trouser,Weighing,Diagnostics,Scale,Capacity,20 Kgs,,,,,,,,,,,,,,,,,,,,,16-130,1,,,10,11.3,12.3,49,30,45
Baby Digital Weighing Scale Tray Type 20 Kgs,Weighing,Diagnostics,Scale,Capacity,20 Kgs,,,,,,,,,,,,,,,,,,,,,16-140,1,,,5,14.6,15.6,62,50,41
Baby Digital Weighing Scale Tray Type 25 Kgs,Weighing,Diagnostics,Scale,Capacity,25 Kgs,,,,,,,,,,,,,,,,,,,,,16-140,1,,,5,14.6,15.6,62,50,41
Sphygmomanometer Mercurial Desk Model,BP measure,Diagnostics,Sphygmomanometer,Type,Mercurial,,,,,,,,,,,,,,,,,,,,,16-200,1,,,10,9.8,10.8,38,25,38
Sphygmomanometer Anaroid ,BP measure,Diagnostics,Sphygmomanometer,Type,Anaroid,,,,,,,,,,,,,,,,,,,,,16-210,1,,,50,22.6,23.6,57,40,43
Digital B.P. Monitor,BP measure,Diagnostics,Sphygmomanometer,Type,Digital,,,,,,,,,,,,,,,,,,,,,16-205,1,,,20,13.5,14,40,40,40
Sphygmomanometer Anaroid Big Dial,BP measure,Diagnostics,Sphygmomanometer,Type,Anaroid,,,,,,,,,,,,,,,,,,,,,16-220,1,,,50,22.6,23.6,57,40,43
Sphygmomanometer Anaroid (Economy),BP measure,Diagnostics,Sphygmomanometer,Type,Anaroid,,,,,,,,,,,,,,,,,,,,,16-210,1,,,50,22.6,23.6,57,40,43
Stethoscope Microdual Stainless Steel,Stethoscope,Diagnostics,Stethoscope,Type,Microdual,,,,,,,,,,,,,,,,,,,,,16-310,1,,,50,9,10.2,48,42,28
Stethoscope Microdual Gold Fish,Stethoscope,Diagnostics,Stethoscope,Type,Microdual,,,,,,,,,,,,,,,,,,,,,16-320,1,,,50,9,10.2,48,42,28
Stethoscope Microdual S.F. (Spring Outside),Stethoscope,Diagnostics,Stethoscope,Type,Microdual,,,,,,,,,,,,,,,,,,,,,16-330,1,,,50,9,10.2,48,42,28
"Stthoscope Microdual S.F. ""J"" Type",Stethoscope,Diagnostics,Stethoscope,Type,Microdual,,,,,,,,,,,,,,,,,,,,,16-340,1,,,50,9,10.2,48,42,28
Stethoscope Microdual S.F. Pediatric,Stethoscope,Diagnostics,Stethoscope,Type,Microdual,,,,,,,,,,,,,,,,,,,,,16-350,1,,,50,9,10.2,48,42,28
Stethoscope Microdual C.P.,Stethoscope,Diagnostics,Stethoscope,Type,Microdual,,,,,,,,,,,,,,,,,,,,,16-360,1,,,50,9,10.2,48,42,28
Stethoscope Microdual Regular,Stethoscope,Diagnostics,Stethoscope,Type,Microdual,,,,,,,,,,,,,,,,,,,,,16-370,1,,,50,9,10.2,48,42,28
Stethoscope Microdual Bell Type,Stethoscope,Diagnostics,Stethoscope,Type,Microdual,,,,,,,,,,,,,,,,,,,,,16-380,1,,,50,9,10.2,48,42,28
Stethoscope Mono Single C.P.,Stethoscope,Diagnostics,Stethoscope,Type,Microdual,,,,,,,,,,,,,,,,,,,,,16-390,1,,,50,9,10.2,48,42,28
Clark Head Light with Adapter,Light,Diagnostics,Light,Type,Head,,,,,,,,,,,,,,,,,,,,,16-420,1,,,25,14.3,15.3,56,42,46
Clark Head Mirror with Clark Band,Light,Diagnostics,Light,Type,Head,,,,,,,,,,,,,,,,,,,,,16-430,1,,,25,14.3,15.3,56,42,46
Head Mirror,Light,Diagnostics,Light,Type,Head,,,,,,,,,,,,,,,,,,,,,16-440,1,,,25,14.3,15.3,56,42,46
Head Light,Light,Diagnostics,Light,Type,Head,,,,,,,,,,,,,,,,,,,,,16-450,1,,,25,14.3,15.3,56,42,46
Stethoscope Pinard Aluminium,Stethoscope,Diagnostics,Stethoscope,Type,Pinard,,,,,,,,,,,,,,,,,,,,,16-470,10,,,25,10.5,11.5,66,59,40
Stethoscope Pinard Plastic,Stethoscope,Diagnostics,Stethoscope,Type,Pinard,,,,,,,,,,,,,,,,,,,,,16-470,10,,,25,10.5,11.5,66,59,40
Examination Light,Light,Diagnostics,Light,Type,Examination,,,,,,,,,,,,,,,,,,,,,16-460,1,,,10,19,20,72,72,65
Otoscope Mini in Pouch Packing,Otoscope,Diagnostics,Otoscope,Type,Mini,,,,,,,,,,,,,,,,,,,,,16-500,1,,,100,19.1,20.3,58,54,38
Otoscope Standard in Pouch Packing,Otoscope,Diagnostics,Otoscope,Type,Standard,,,,,,,,,,,,,,,,,,,,,16-510,1,,,40,17,18.2,52,52,44
Otoscope Old Model,Otoscope,Diagnostics,Otoscope,Type,Old Model,,,,,,,,,,,,,,,,,,,,,16-520,1,,,40,17,18.2,52,52,44
Shall Haemometer,Haemometer,Diagnostics,Haemometer,Type,Haemometer,,,,,,,,,,,,,,,,,,,,,16-530,1,,,100,18.6,19.8,72,42,42
Blood Cell Counter,Cell Counter,Diagnostics,Cell Counter,Type,5 Key,9 Key,,,,,,,,,,,,,,,,,,,,16-540,1,,,25,21,22.1,40,34,34
Binomag,Binomag,Diagnostics,Binomag,Type,Binomag,,,,,,,,,,,,,,,,,,,,,16-550,1,,,50,15,16,73,47,46
Berger Loupe,Binomag,Diagnostics,Binomag,Type,Berger Loupe,,,,,,,,,,,,,,,,,,,,,16-560,1,,,50,15,16,73,47,46
Haemocytometer,Haemocytometer,Diagnostics,Haemocytometer,Type,Haemocytometer,,,,,,,,,,,,,,,,,,,,,16-570,1,,,150,11.8,12.8,56,44,37
Percussion Hammer Neurological,Hammer,Diagnostics,Hammer,Type,Neurological,,,,,,,,,,,,,,,,,,,,,16-700,10,,,20,16,17,38,32,32
Percussion Hammer Nylon Handle,Hammer,Diagnostics,Hammer,Type,Neurological,,,,,,,,,,,,,,,,,,,,,16-710,10,,,20,16,17,38,32,32
Percussion Hammer Taylor,Hammer,Diagnostics,Hammer,Type,Neurological,,,,,,,,,,,,,,,,,,,,,16-730,10,,,20,16,17,38,32,32
Percussion Hammer with Pin & Brush,Hammer,Diagnostics,Hammer,Type,Neurological,,,,,,,,,,,,,,,,,,,,,16-720,10,,,20,14.4,15.4,36,36,32
ECG Electrode clamp Type Set of Four,Electrode,Diagnostics,Electrode,Type,Clamp,,,,,,,,,,,,,,,,,,,,,16-750,1,,,50,16.6,17.7,58,54,36
ECG Electrode Bulb Type,Electrode,Diagnostics,Electrode,Type,Bulb,,,,,,,,,,,,,,,,,,,,,16-750,6,,,50,13,14,60,44,30
X-Ray Developer 2 Kg for 20 Liter,X- Ray,Diagnostics,X-Ray,Volume,2 Kg Set,,,,,,,,,,,,,,,,,,,,,16-940,1,,,6,12,14.5,42,29,15
X-Ray Fixer 2.5 Kg to make 13.5 Liter,X- Ray,Diagnostics,X-Ray,Volume,2.5 kg set,,,,,,,,,,,,,,,,,,,,,16-940,1,,,6,15,17.1,42,29,15
X-Ray Fixer for Automatic 6 Liter to Make 20 Liter,X- Ray,Diagnostics,X-Ray,Volume,6 Kg set,,,,,,,,,,,,,,,,,,,,,16-940,1,,,2,15.2,17,31,30,32
X-Ray Developer for Automatic 6 Liter to Make 20 Liter,X- Ray,Diagnostics,X-Ray,Volume,6 Kg Set,,,,,,,,,,,,,,,,,,,,,16-940,1,,,2,15.2,17,31,30,32
Thermometer Digital,Thermometer,Diagnostics,Home Care,Type,Digital,,,,,,,,,,,,,,,,,,,,,16-581,1,,,300,10.5,11.5,51,37,35
Thermometer Rectal,Thermometer,Diagnostics,Home Care,Type,Rectal,,,,,,,,,,,,,,,,,,,,,16-580,1,,,500,11.8,12.8,51,37,35
Thermometer Oral,Thermometer,Diagnostics,Home Care,Type,Oral,,,,,,,,,,,,,,,,,,,,,16-582,1,,,500,10.5,11.5,51,37,35
Manual Eye Chart,Eye Testing Chart,Diagnostics,Eye Chart,Type,Manual,,,,,,,,,,,,,,,,,,,,,GST 641,1,,,100,10,11,65,35,18
Slow Suction Apparatus (Aspirator 30),Suction,H. Equipments,Suction Unit,Type,Electric,,,,,,,,,,,,,,,,,,,,,GST 6,1,,,1,6,7.5,42,25,35
Silicone Suction Cup with Release Valve,Suction,H. Equipments,Suction Cup,Size,50 mm,60 mm,70 mm,,,,,,,,,,,,,,,,,,,GST SC,1,,,50,15.5,19.3,58,58,40
Silicone Suction Cup with Release Valve,Suction,H. Equipments,Suction Cup,Color,Blue,Green,White,,,,,,,,,,,,,,,,,,,GST SC,1,,,50,15.5,19.3,58,58,40
Silicone Suction Cup without Release Valve,Suction,H. Equipments,Suction Cup,Size,50 mm,60 mm,70 mm,,,,,,,,,,,,,,,,,,,GST SCR,1,,,50,15.5,19.3,58,58,40
Silicone Suction Cup without Release Valve,Suction,H. Equipments,Suction Cup,Color,Blue,Green,White,,,,,,,,,,,,,,,,,,,GST SCR,1,,,50,15.5,19.3,58,58,40
"Electric Suction Unit High Pressure 700 mm Hg , Suction capacity 35 ltr/Min",Suction,H. Equipments,Suction Unit,Capacity,35 Ltr/min,,,,,,,,,,,,,,,,,,,,,GST 1,1,,,1,38,40.2,63,42,96
"Electric Suction Unit High Pressure 700 mm Hg, Suction Capacity 25 Ltr/Min",Suction,H. Equipments,Suction Unit,Capacity,25 Ltr/Min,,,,,,,,,,,,,,,,,,,,,GST 2,1,,,1,25,26.8,47,44,83
Manual cum Electric Suction Unit,Suction,H. Equipments,Suction Unit,Type,Manual cum Electric,,,,,,,,,,,,,,,,,,,,,GST 3,1,,,1,29.5,31.1,52,46,81
"Electric Suction Unit SS body, High Pressure 700 mm Hg, Suction Capacity 25 Ltr/Min",Suction,H. Equipments,Suction Unit,Capacity,25 Ltr/Min,,,,,,,,,,,,,,,,,,,,,GST 2A,1,,,1,27,29,47,44,89
Manual Suction Unit,Suction,H. Equipments,Suction Unit,Type,Manual,,,,,,,,,,,,,,,,,,,,,GST 4,1,,,2,13,14.2,62,39,36
Vacuum Extractor Set with 4 cups,Suction,H. Equipments,Suction Unit,Type,Bird Type,,,,,,,,,,,,,,,,,,,,,GST 501,1,,,25,18,19.5,37,33,40
Vacuum Extractor Set with 3 Cups,Suction,H. Equipments,Suction Unit,Type,Bird Type,,,,,,,,,,,,,,,,,,,,,GST 501,1,,,25,18,19.5,37,33,40
Vacuum Extractor Electrical with Silicon cups,Suction,H. Equipments,Suction Unit,Type,Electric,,,,,,,,,,,,,,,,,,,,,GST 502,1,,,1,21,22.4,48,41,69
"Autoclave Aluminium, Nut Locking type Capacity 21 Ltr Non Electric",Autoclave,H. Equipments,Autoclave,Capacity,21 ltr,,,,,,,,,,,,,,,,,,,,,GST,1,,,1,8,9.2,39,39,38
"Autoclave Aluminium, Nut Locking type Capacity 21 Ltr Electric",Autoclave,H. Equipments,Autoclave,Capacity,21 Ltr,,,,,,,,,,,,,,,,,,,,,GST,1,,,1,8,9.2,39,39,38
"Autoclave Aluminium, Nut Locking type Capacity 25 Ltr Non Electric",Autoclave,H. Equipments,Autoclave,Capacity,25 Ltr,,,,,,,,,,,,,,,,,,,,,GST,1,,,1,9,10.2,39,39,49
"Autoclave Aluminium, Nut Locking type Capacity 25 Ltr Electric",Autoclave,H. Equipments,Autoclave,Capacity,25 Ltr,,,,,,,,,,,,,,,,,,,,,GST,1,,,1,9,10.2,39,39,49
"Autoclave Aluminium, Nut Locking type, Capacity 24 Ltr Electric",Autoclave,H. Equipments,Autoclave,Capacity,24 Ltr,,,,,,,,,,,,,,,,,,,,,GST,1,,,1,8.8,9.9,40,40,44
"Autoclave Aluminium, Nut Locking type Capacity 27 Ltr Electric",Autoclave,H. Equipments,Autoclave,Capacity,27 Ltr,,,,,,,,,,,,,,,,,,,,,GST,1,,,1,10.5,10.5,39,39,49
"Autoclave Aluminium, Nut Locking type, Capacity 30 Ltr Electric",Autoclave,H. Equipments,Autoclave,Capacity,30 Ltr,,,,,,,,,,,,,,,,,,,,,GST,1,,,1,15,16,46,46,50
"Autoclave Aluminium, Nut Locking type, Capacity 39 Ltr Electric",Autoclave,H. Equipments,Autoclave,Capacity,39 Ltr,,,,,,,,,,,,,,,,,,,,,GST,1,,,1,16,17,47,49,49
"Autoclave Aluminium, Nut Locking type, Capacity 40 Ltr Electric",Autoclave,H. Equipments,Autoclave,Capacity,40 Ltr,,,,,,,,,,,,,,,,,,,,,GST,1,,,1,16,17.2,39,39,71
"Autoclave Aluminium Capacity 9 Liter, Electric",Autoclave,H. Equipments,Autoclave,Capacity,9 Ltr,,,,,,,,,,,,,,,,,,,,,GST,1,,,1,6.5,7.2,34,34,46
"Autoclave Electric SS, Nut Locking type, Double Walled, capacity 50 Ltr with extra heating element",Autoclave,H. Equipments,Autoclave,Capacity,50 Ltr,,,,,,,,,,,,,,,,,,,,,GST 301,1,,,1,60,65,42,42,72
"Autoclave Electric SS, Nut Locking type, Double Walled, capacity 60 Ltr with extra heating element",Autoclave,H. Equipments,Autoclave,Capacity,60 Ltr,,,,,,,,,,,,,,,,,,,,,GST 301,1,,,1,72,77.5,66,66,132
"Autoclave Electric SS, Nut Locking type, Double Walled, capacity 80 Ltr with extra heating element",Autoclave,H. Equipments,Autoclave,Capacity,80 Ltr,,,,,,,,,,,,,,,,,,,,,GST 301,1,,,1,87,92.8,74,64,140
"Autoclave Electric SS, Nut Locking type, Double Walled, capacity 100 Ltr with extra heating element",Autoclave,H. Equipments,Autoclave,Capacity,100 Ltr,,,,,,,,,,,,,,,,,,,,,GST 301,1,,,1,105,110,77,77,119
"Autoclave SS, Nut Locking type Capacity 27 Ltr Electric",Autoclave,H. Equipments,Autoclave,Capacity,27 Ltr,,,,,,,,,,,,,,,,,,,,,GST,1,,,1,18,19.6,46,46,50
Binocular Microscope with Reflector,Microscope,H. Equipments,Microscope,Type,Binocular,,,,,,,,,,,,,,,,,,,,,GST 1,1,,,4,19,20.2,58,49,49
Student Microscope,Microscope,H. Equipments,Microscope,Type,Student,,,,,,,,,,,,,,,,,,,,,GST 4,1,,,6,16,17.5,56,50,46
Binocular Microscope,Microscope,H. Equipments,Microscope,Type,Binocular,,,,,,,,,,,,,,,,,,,,,GST 1A,1,,,1,10,11,32,26,26
Hot Water Bottle (Rubber),Hot Waiter Bottle,Rubber Products,Home Care,Capacity,2 Ltr,,,,,,,,,,,,,,,,,,,,,17-010,1,,,50,16.5,17.5,42,40,36
"Ice Bag Round, 19 cms (Rubber)",Ice Bag,Rubber Products,Home Care,Size,19 cms,,,,,,,,,,,,,,,,,,,,,17-020,1,,,100,13.5,14.7,63,31,29
Ice Bag Oval (Rubber),Ice Bag,Rubber Products,Home Care,Type,Oval,,,,,,,,,,,,,,,,,,,,,17-030,1,,,75,13.5,14.7,63,31,29
Ice Bag Throat (Rubber),Ice Bag,Rubber Products,Home Care,Type,Throat,,,,,,,,,,,,,,,,,,,,,17-040,1,,,100,13.5,14.7,63,31,29
Air Cushion (Invalid Rubber Ring),Invalid Rings,Rubber Products,Home Care,Size,30 cms,35 cms,40 cms,42.5 cms,45 cms,50 cms,,,,,,,,,,,,,,,,17-050,1,,,50,22,23.4,50,50,17
Self Enema Syringe (Rubber),Enema,Rubber Products,Home Care,Type,French ,,,,,,,,,,,,,,,,,,,,,17-090,1,,,100,20.5,21.6,60,56,40
Ring Pessary Inflated (Rubber),Pessary,Rubber Products,Home Care,Size,1,2,3,4,5,6,,,,,,,,,,,,,,,,17-120,50,,,10,22.5,23.8,61,56,38
Ring Pessary Red (Rubber),Pessary,Rubber Products,Home Care,Size ,50 mm,55 mm,60 mm,65 mm,70 mm,75 mm,80 mm,85 mm,90 mm,95 mm,100 mm,,,,,,,,,,,17-121,1,,,50,1.8,3,25,25,21
Ring Pessary Silicon,Pessary,Rubber Products,Home Care,Size,50 mm,55 mm,60 mm,65 mm,70 mm,75 mm,80 mm,85 mm,90 mm,95 mm,100 mm,,,,,,,,,,,17-125,1,,,50,1.8,3,25,25,21
Ring Pessary Black,Pessary,Rubber Products,Home Care,Size,50 mm,55 mm,60 mm,65 mm,70 mm,75 mm,80 mm,85 mm,90 mm,95 mm,100 mm,,,,,,,,,,,17-122,1,,,50,1.8,3,25,25,21
Mckintosh Rubber Sheet 25 Meter roll (Autoclavable),Sheet,Rubber Products,Home Care,Thickness,0.42,,,,,,,,,,,,,,,,,,,,,17-180,1,,,2,27.2,28.8,103,28,12
Nelaton Catheter (Rubber),Tube,Rubber Products,Home Care,Size,14 FR,16 FR,18 FR,8 FR,10 FR,12 Fr,,,,,,,,,,,,,,,,17-250,100,,,24,24,25.5,56,53,48
Blood Pressure Bulbs,BP,Rubber Products,Home Care,Type,BP Bulp,,,,,,,,,,,,,,,,,,,,,16-260,1,,,200,16,17.2,51,46,30
Kelly Douche Pad,Kellys,Rubber Products,Home Care,Type,Rubber,,,,,,,,,,,,,,,,,,,,,17-230,1,,,15,18.5,19.8,47,45,32
Wash Bottle 250 ML,Bottle,Miscellaneous ,Bottle,Capacity,250 ML,,,,,,,,,,,,,,,,,,,,,GST,1,,,250,15.6,16.8,76,53,53
Ultrasound Gel Bottle 250 ML,Gel,Diagnostics,Gel,Size,250 ML,,,,,,,,,,,,,,,,,,,,,GST,1,,,100,27,28.5,58,30,42
Ultrasound Gel 5 Kg Collapsible Bottle,Gel,Diagnostics,Gel,Size ,5 Kg,,,,,,,,,,,,,,,,,,,,,GST,1,,,4,20,21.6,38,36,28
ECG Gel Bottle 250 ML,Gel,Diagnostics,Gel,Size,250 ML,,,,,,,,,,,,,,,,,,,,,GST,1,,,100,27,28.5,58,30,42
ECG Gel 5 Kg Collapsible Bottle,Gel,Diagnostics,Gel,Size ,5 Kg,,,,,,,,,,,,,,,,,,,,,GST,1,,,4,20,21.6,38,36,28
Thermometer Refrigerator,Thermometer,Diagnostics,Other,Type,Refrigerator,,,,,,,,,,,,,,,,,,,,,GST,1,,,100,9.5,10.4,32,32,28
Thermometer Wall type,Thermometer,Diagnostics,Other,Type,Wall,,,,,,,,,,,,,,,,,,,,,GST,1,,,50,16.5,17.6,68,48,44
Vaccine Carrier 1.35 Ltr Internal Dia. (9.9 x 9.9 x 16.5) Cms,Vaccine,Consumable,Other,Size,1.35 Ltr,,,,,,,,,,,,,,,,,,,,,GST,1,,,4,11.5,12.7,55,55,34
Face Mask 3 Ply Non Woven,Face Mask,Consumable,Other,Type,3 Ply,,,,,,,,,,,,,,,,,,,,,12-410,100,,,20,12.5,13.5,52,38,32
Face Mask 2 Ply Non Woven,Face Mask,Consumable,Other,Type,2 Ply,,,,,,,,,,,,,,,,,,,,,12-410,100,,,20,12.5,13.5,52,38,32
Strile 1CC Insulin Syringes 100 Units With Needles 29G X 1.25Cms,Insulin,Disposable,Guage & Bandage,Size,29 G,,,,,,,,,,,,,,,,,,,,,10-470,100,,,30,20,21.3,53,41,49
Sterile Hypodermic Disposable Needles 18G X 3.75 Cms,Syringe,Disposable,Guage & Bandage,Size,18 G,,,,,,,,,,,,,,,,,,,,,10-400,100,,,100,17.5,18.42,44.5,45,46
Sterile Hypodermic Disposable Needles 19G X 3.75 Cms,Syringe,Disposable,Guage & Bandage,Size,19 G,,,,,,,,,,,,,,,,,,,,,10-400,100,,,100,17.5,18.42,44.5,45,46
Sterile Hypodermic Disposable Needles 20G X 3.75 Cms,Syringe,Disposable,Guage & Bandage,Size,20 G,,,,,,,,,,,,,,,,,,,,,10-400,100,,,100,17.5,18.42,44.5,45,46
Sterile Hypodermic Disposable Needles 21G X 3.75 Cms,Syringe,Disposable,Guage & Bandage,Size,21 G,,,,,,,,,,,,,,,,,,,,,10-400,100,,,100,17.5,18.42,44.5,45,46
Sterile Hypodermic Disposable Needles 22G X 3.75 Cms,Syringe,Disposable,Guage & Bandage,Size,22 G,,,,,,,,,,,,,,,,,,,,,10-400,100,,,100,17.5,18.42,44.5,45,46
Sterile Hypodermic Disposable Needles 23G X 2.5 Cms,Syringe,Disposable,Guage & Bandage,Size,23 G,,,,,,,,,,,,,,,,,,,,,10-400,100,,,100,17.5,18.42,44.5,45,46
Sterile Hypodermic Disposable Needles 25G X 1.5 Cms,Syringe,Disposable,Guage & Bandage,Size,25 G,,,,,,,,,,,,,,,,,,,,,10-400,100,,,100,17.5,18.42,44.5,45,46
Sterile Hypodermic Disposable Syringes 1 ML  (With Minimum Measuremnet) (Without Needles),Syringe,Disposable,Guage & Bandage,Size,1 ML,,,,,,,,,,,,,,,,,,,,,10-400,100,,,30,20,21.52,62.5,48.5,35.5
Sterile Hypodermic Disposable Syringes 10 ML (Luer - Lock) (Without Needles),Syringe,Disposable,Guage & Bandage,Size,10 ML,,,,,,,,,,,,,,,,,,,,,10-400,100,,,16,22.5,23.79,59,48,42
Sterile Hypodermic Disposable Syringes 20 ML  (Luer - Lock) (Without Needles),Syringe,Disposable,Guage & Bandage,Size,20 ML,,,,,,,,,,,,,,,,,,,,,10-400,100,,,6,15.5,16.85,53.5,42,37.5
Sterile Hypodermic Disposable Syringes 2ML (Luer - Lock) (Without Needles),Syringe,Disposable,Guage & Bandage,Size,2 ML,,,,,,,,,,,,,,,,,,,,,10-400,100,,,20,13.5,14.84,57,42,31
Sterile Hypodermic Disposable Syringes 3 ML  (Luer - Lock) (Without Needles),Syringe,Disposable,Guage & Bandage,Size,3 ML,,,,,,,,,,,,,,,,,,,,,10-400,100,,,20,16.3,17.39,46,45,42
Sterile Hypodermic Disposable Syringes 5 ML (Luer - Lock) (Without Needles),Syringe,Disposable,Guage & Bandage,Size,5 ML,,,,,,,,,,,,,,,,,,,,,10-400,100,,,24,22,23.1,54.5,41.551,51
Sterile Hypodermic Disposable Syringes  50 ML (Luer - Lock) (Without Needles),Syringe,Disposable,Guage & Bandage,Size,50 ML,,,,,,,,,,,,,,,,,,,,,10-400,50,,,8,23,24.34,69,42,42
